sample_id,image_path,true_class,severity,predicted_class,correct,confidence,split
syn-v2-700-scratch-0021,synthetic/v2_700/images/scratch/syn-v2-700-scratch-0021.jpg,scratch,mild,scratch,YES,0.5863083005,test
syn-v2-700-scratch-0035,synthetic/v2_700/images/scratch/syn-v2-700-scratch-0035.jpg,scratch,mild,scratch,YES,0.9844196439,test
syn-v2-700-scratch-0077,synthetic/v2_700/images/scratch/syn-v2-700-scratch-0077.jpg,scratch,mild,scratch,YES,0.8284958005,test
syn-v2-700-scratch-0045,synthetic/v2_700/images/scratch/syn-v2-700-scratch-0045.jpg,scratch,mild,scratch,YES,0.9964134097,test
syn-v2-700-scratch-0088,synthetic/v2_700/images/scratch/syn-v2-700-scratch-0088.jpg,scratch,mild,scratch,YES,0.9988951087,test
syn-v2-700-scratch-0069,synthetic/v2_700/images/scratch/syn-v2-700-scratch-0069.jpg,scratch,mild,scratch,YES,0.9821416140,test
syn-v2-700-scratch-0017,synthetic/v2_700/images/scratch/syn-v2-700-scratch-0017.jpg,scratch,mild,scratch,YES,0.9989759922,test
syn-v2-700-scratch-0042,synthetic/v2_700/images/scratch/syn-v2-700-scratch-0042.jpg,scratch,mild,scratch,YES,0.9938255548,test
syn-v2-700-scratch-0048,synthetic/v2_700/images/scratch/syn-v2-700-scratch-0048.jpg,scratch,mild,scratch,YES,0.9881680608,test
syn-v2-700-scratch-0013,synthetic/v2_700/images/scratch/syn-v2-700-scratch-0013.jpg,scratch,mild,lead_breakage,NO,0.4024659693,test
syn-v2-700-scratch-0056,synthetic/v2_700/images/scratch/syn-v2-700-scratch-0056.jpg,scratch,mild,scratch,YES,0.9998033643,test
syn-v2-700-scratch-0050,synthetic/v2_700/images/scratch/syn-v2-700-scratch-0050.jpg,scratch,mild,lead_breakage,NO,0.2998885512,test
syn-v2-700-scratch-0046,synthetic/v2_700/images/scratch/syn-v2-700-scratch-0046.jpg,scratch,mild,scratch,YES,0.8663371205,test
syn-v2-700-scratch-0020,synthetic/v2_700/images/scratch/syn-v2-700-scratch-0020.jpg,scratch,mild,scratch,YES,0.9493954182,test
syn-v2-700-scratch-0095,synthetic/v2_700/images/scratch/syn-v2-700-scratch-0095.jpg,scratch,mild,scratch,YES,0.9939124584,test
syn-v2-700-scratch-0055,synthetic/v2_700/images/scratch/syn-v2-700-scratch-0055.jpg,scratch,mild,scratch,YES,0.9981490374,test
syn-v2-700-scratch-0009,synthetic/v2_700/images/scratch/syn-v2-700-scratch-0009.jpg,scratch,mild,scratch,YES,0.9967697859,test
syn-v2-700-scratch-0031,synthetic/v2_700/images/scratch/syn-v2-700-scratch-0031.jpg,scratch,mild,scratch,YES,0.9993318915,test
syn-v2-700-scratch-0002,synthetic/v2_700/images/scratch/syn-v2-700-scratch-0002.jpg,scratch,mild,scratch,YES,0.9902156591,test
syn-v2-700-scratch-0089,synthetic/v2_700/images/scratch/syn-v2-700-scratch-0089.jpg,scratch,mild,scratch,YES,0.9987068176,test
syn-v2-700-scratch-0078,synthetic/v2_700/images/scratch/syn-v2-700-scratch-0078.jpg,scratch,mild,scratch,YES,0.9962775111,test
syn-v2-700-scratch-0083,synthetic/v2_700/images/scratch/syn-v2-700-scratch-0083.jpg,scratch,mild,scratch,YES,0.9345712662,test
syn-v2-700-scratch-0070,synthetic/v2_700/images/scratch/syn-v2-700-scratch-0070.jpg,scratch,mild,scratch,YES,0.9844701290,test
syn-v2-700-scratch-0052,synthetic/v2_700/images/scratch/syn-v2-700-scratch-0052.jpg,scratch,mild,scratch,YES,0.9985330105,test
syn-v2-700-scratch-0030,synthetic/v2_700/images/scratch/syn-v2-700-scratch-0030.jpg,scratch,mild,scratch,YES,0.9988264441,test
syn-v2-700-scratch-0051,synthetic/v2_700/images/scratch/syn-v2-700-scratch-0051.jpg,scratch,mild,scratch,YES,0.9934780598,test
syn-v2-700-scratch-0059,synthetic/v2_700/images/scratch/syn-v2-700-scratch-0059.jpg,scratch,mild,lead_breakage,NO,0.4470984638,test
syn-v2-700-scratch-0086,synthetic/v2_700/images/scratch/syn-v2-700-scratch-0086.jpg,scratch,mild,scratch,YES,0.9337237477,test
syn-v2-700-scratch-0063,synthetic/v2_700/images/scratch/syn-v2-700-scratch-0063.jpg,scratch,mild,scratch,YES,0.9870803952,test
syn-v2-700-scratch-0033,synthetic/v2_700/images/scratch/syn-v2-700-scratch-0033.jpg,scratch,moderate,scratch,YES,0.9994515777,test
syn-v2-700-scratch-0064,synthetic/v2_700/images/scratch/syn-v2-700-scratch-0064.jpg,scratch,moderate,scratch,YES,0.9991478920,test
syn-v2-700-scratch-0085,synthetic/v2_700/images/scratch/syn-v2-700-scratch-0085.jpg,scratch,moderate,scratch,YES,0.9889549017,test
syn-v2-700-scratch-0037,synthetic/v2_700/images/scratch/syn-v2-700-scratch-0037.jpg,scratch,moderate,scratch,YES,0.9988930821,test
syn-v2-700-scratch-0038,synthetic/v2_700/images/scratch/syn-v2-700-scratch-0038.jpg,scratch,moderate,scratch,YES,0.9947730899,test
syn-v2-700-scratch-0039,synthetic/v2_700/images/scratch/syn-v2-700-scratch-0039.jpg,scratch,moderate,scratch,YES,0.9975547194,test
syn-v2-700-scratch-0025,synthetic/v2_700/images/scratch/syn-v2-700-scratch-0025.jpg,scratch,moderate,scratch,YES,0.9930984378,test
syn-v2-700-scratch-0024,synthetic/v2_700/images/scratch/syn-v2-700-scratch-0024.jpg,scratch,moderate,scratch,YES,0.9994049072,test
syn-v2-700-scratch-0019,synthetic/v2_700/images/scratch/syn-v2-700-scratch-0019.jpg,scratch,moderate,scratch,YES,0.9997952580,test
syn-v2-700-scratch-0061,synthetic/v2_700/images/scratch/syn-v2-700-scratch-0061.jpg,scratch,moderate,scratch,YES,0.9986178875,test
syn-v2-700-scratch-0071,synthetic/v2_700/images/scratch/syn-v2-700-scratch-0071.jpg,scratch,moderate,scratch,YES,0.9980484247,test
syn-v2-700-scratch-0049,synthetic/v2_700/images/scratch/syn-v2-700-scratch-0049.jpg,scratch,moderate,scratch,YES,0.9966055155,test
syn-v2-700-scratch-0099,synthetic/v2_700/images/scratch/syn-v2-700-scratch-0099.jpg,scratch,moderate,scratch,YES,0.9987993240,test
syn-v2-700-scratch-0053,synthetic/v2_700/images/scratch/syn-v2-700-scratch-0053.jpg,scratch,moderate,scratch,YES,0.9969621301,test
syn-v2-700-scratch-0098,synthetic/v2_700/images/scratch/syn-v2-700-scratch-0098.jpg,scratch,moderate,scratch,YES,0.9992182255,test
syn-v2-700-scratch-0066,synthetic/v2_700/images/scratch/syn-v2-700-scratch-0066.jpg,scratch,moderate,scratch,YES,0.9956002235,test
syn-v2-700-scratch-0032,synthetic/v2_700/images/scratch/syn-v2-700-scratch-0032.jpg,scratch,moderate,scratch,YES,0.9967722297,test
syn-v2-700-scratch-0093,synthetic/v2_700/images/scratch/syn-v2-700-scratch-0093.jpg,scratch,moderate,scratch,YES,0.9448377490,test
syn-v2-700-scratch-0029,synthetic/v2_700/images/scratch/syn-v2-700-scratch-0029.jpg,scratch,moderate,scratch,YES,0.9993583560,test
syn-v2-700-scratch-0026,synthetic/v2_700/images/scratch/syn-v2-700-scratch-0026.jpg,scratch,moderate,scratch,YES,0.6013123393,test
syn-v2-700-scratch-0012,synthetic/v2_700/images/scratch/syn-v2-700-scratch-0012.jpg,scratch,moderate,scratch,YES,0.9987457991,test
syn-v2-700-scratch-0036,synthetic/v2_700/images/scratch/syn-v2-700-scratch-0036.jpg,scratch,moderate,scratch,YES,0.9673300982,test
syn-v2-700-scratch-0080,synthetic/v2_700/images/scratch/syn-v2-700-scratch-0080.jpg,scratch,moderate,scratch,YES,0.9981942773,test
syn-v2-700-scratch-0081,synthetic/v2_700/images/scratch/syn-v2-700-scratch-0081.jpg,scratch,moderate,scratch,YES,0.4670446217,test
syn-v2-700-scratch-0041,synthetic/v2_700/images/scratch/syn-v2-700-scratch-0041.jpg,scratch,moderate,scratch,YES,0.9978860021,test
syn-v2-700-scratch-0040,synthetic/v2_700/images/scratch/syn-v2-700-scratch-0040.jpg,scratch,moderate,scratch,YES,0.9697207212,test
syn-v2-700-scratch-0004,synthetic/v2_700/images/scratch/syn-v2-700-scratch-0004.jpg,scratch,moderate,scratch,YES,0.9971196651,test
syn-v2-700-scratch-0022,synthetic/v2_700/images/scratch/syn-v2-700-scratch-0022.jpg,scratch,moderate,scratch,YES,0.9977765679,test
syn-v2-700-scratch-0062,synthetic/v2_700/images/scratch/syn-v2-700-scratch-0062.jpg,scratch,moderate,scratch,YES,0.9992701411,test
syn-v2-700-scratch-0082,synthetic/v2_700/images/scratch/syn-v2-700-scratch-0082.jpg,scratch,severe,scratch,YES,0.9986160994,test
syn-v2-700-scratch-0003,synthetic/v2_700/images/scratch/syn-v2-700-scratch-0003.jpg,scratch,severe,scratch,YES,0.9992067218,test
syn-v2-700-scratch-0016,synthetic/v2_700/images/scratch/syn-v2-700-scratch-0016.jpg,scratch,severe,scratch,YES,0.9994296432,test
syn-v2-700-scratch-0006,synthetic/v2_700/images/scratch/syn-v2-700-scratch-0006.jpg,scratch,severe,scratch,YES,0.9992295504,test
syn-v2-700-scratch-0092,synthetic/v2_700/images/scratch/syn-v2-700-scratch-0092.jpg,scratch,severe,scratch,YES,0.9996210337,test
syn-v2-700-scratch-0027,synthetic/v2_700/images/scratch/syn-v2-700-scratch-0027.jpg,scratch,severe,scratch,YES,0.9976671934,test
syn-v2-700-scratch-0074,synthetic/v2_700/images/scratch/syn-v2-700-scratch-0074.jpg,scratch,severe,scratch,YES,0.9962611794,test
syn-v2-700-scratch-0072,synthetic/v2_700/images/scratch/syn-v2-700-scratch-0072.jpg,scratch,severe,scratch,YES,0.9992352724,test
syn-v2-700-scratch-0068,synthetic/v2_700/images/scratch/syn-v2-700-scratch-0068.jpg,scratch,severe,scratch,YES,0.9954833984,test
syn-v2-700-scratch-0075,synthetic/v2_700/images/scratch/syn-v2-700-scratch-0075.jpg,scratch,severe,scratch,YES,0.9986193180,test
syn-v2-700-scratch-0014,synthetic/v2_700/images/scratch/syn-v2-700-scratch-0014.jpg,scratch,severe,scratch,YES,0.9974404573,test
syn-v2-700-scratch-0084,synthetic/v2_700/images/scratch/syn-v2-700-scratch-0084.jpg,scratch,severe,scratch,YES,0.9994158745,test
syn-v2-700-scratch-0058,synthetic/v2_700/images/scratch/syn-v2-700-scratch-0058.jpg,scratch,severe,scratch,YES,0.9987078905,test
syn-v2-700-scratch-0010,synthetic/v2_700/images/scratch/syn-v2-700-scratch-0010.jpg,scratch,severe,scratch,YES,0.9989631176,test
syn-v2-700-surface_spot-0061,synthetic/v2_700/images/surface_spot/syn-v2-700-surface_spot-0061.jpg,surface_spot,mild,surface_spot,YES,0.9948195815,test
syn-v2-700-surface_spot-0051,synthetic/v2_700/images/surface_spot/syn-v2-700-surface_spot-0051.jpg,surface_spot,mild,surface_spot,YES,0.8461667895,test
syn-v2-700-surface_spot-0096,synthetic/v2_700/images/surface_spot/syn-v2-700-surface_spot-0096.jpg,surface_spot,mild,surface_spot,YES,0.9987774491,test
syn-v2-700-surface_spot-0042,synthetic/v2_700/images/surface_spot/syn-v2-700-surface_spot-0042.jpg,surface_spot,mild,surface_spot,YES,0.9956052899,test
syn-v2-700-surface_spot-0002,synthetic/v2_700/images/surface_spot/syn-v2-700-surface_spot-0002.jpg,surface_spot,mild,surface_spot,YES,0.9909743667,test
syn-v2-700-surface_spot-0013,synthetic/v2_700/images/surface_spot/syn-v2-700-surface_spot-0013.jpg,surface_spot,mild,surface_spot,YES,0.9921982884,test
syn-v2-700-surface_spot-0012,synthetic/v2_700/images/surface_spot/syn-v2-700-surface_spot-0012.jpg,surface_spot,mild,surface_spot,YES,0.9992109537,test
syn-v2-700-surface_spot-0031,synthetic/v2_700/images/surface_spot/syn-v2-700-surface_spot-0031.jpg,surface_spot,mild,surface_spot,YES,0.9561978579,test
syn-v2-700-surface_spot-0041,synthetic/v2_700/images/surface_spot/syn-v2-700-surface_spot-0041.jpg,surface_spot,mild,surface_spot,YES,0.6083887815,test
syn-v2-700-surface_spot-0023,synthetic/v2_700/images/surface_spot/syn-v2-700-surface_spot-0023.jpg,surface_spot,mild,surface_spot,YES,0.9947193861,test
syn-v2-700-surface_spot-0010,synthetic/v2_700/images/surface_spot/syn-v2-700-surface_spot-0010.jpg,surface_spot,mild,surface_spot,YES,0.9884993434,test
syn-v2-700-surface_spot-0036,synthetic/v2_700/images/surface_spot/syn-v2-700-surface_spot-0036.jpg,surface_spot,mild,surface_spot,YES,0.9715391397,test
syn-v2-700-surface_spot-0056,synthetic/v2_700/images/surface_spot/syn-v2-700-surface_spot-0056.jpg,surface_spot,mild,surface_spot,YES,0.9954683781,test
syn-v2-700-surface_spot-0075,synthetic/v2_700/images/surface_spot/syn-v2-700-surface_spot-0075.jpg,surface_spot,mild,surface_spot,YES,0.9983188510,test
syn-v2-700-surface_spot-0040,synthetic/v2_700/images/surface_spot/syn-v2-700-surface_spot-0040.jpg,surface_spot,mild,surface_spot,YES,0.9960592985,test
syn-v2-700-surface_spot-0035,synthetic/v2_700/images/surface_spot/syn-v2-700-surface_spot-0035.jpg,surface_spot,mild,contamination,NO,0.6462675333,test
syn-v2-700-surface_spot-0093,synthetic/v2_700/images/surface_spot/syn-v2-700-surface_spot-0093.jpg,surface_spot,mild,surface_spot,YES,0.9895679355,test
syn-v2-700-surface_spot-0017,synthetic/v2_700/images/surface_spot/syn-v2-700-surface_spot-0017.jpg,surface_spot,mild,surface_spot,YES,0.7681559324,test
syn-v2-700-surface_spot-0087,synthetic/v2_700/images/surface_spot/syn-v2-700-surface_spot-0087.jpg,surface_spot,mild,surface_spot,YES,0.9842880964,test
syn-v2-700-surface_spot-0073,synthetic/v2_700/images/surface_spot/syn-v2-700-surface_spot-0073.jpg,surface_spot,mild,surface_spot,YES,0.9968789816,test
syn-v2-700-surface_spot-0074,synthetic/v2_700/images/surface_spot/syn-v2-700-surface_spot-0074.jpg,surface_spot,mild,surface_spot,YES,0.9826982617,test
syn-v2-700-surface_spot-0016,synthetic/v2_700/images/surface_spot/syn-v2-700-surface_spot-0016.jpg,surface_spot,mild,contamination,NO,0.5877217054,test
syn-v2-700-surface_spot-0085,synthetic/v2_700/images/surface_spot/syn-v2-700-surface_spot-0085.jpg,surface_spot,mild,surface_spot,YES,0.9985772371,test
syn-v2-700-surface_spot-0086,synthetic/v2_700/images/surface_spot/syn-v2-700-surface_spot-0086.jpg,surface_spot,mild,surface_spot,YES,0.6020203233,test
syn-v2-700-surface_spot-0007,synthetic/v2_700/images/surface_spot/syn-v2-700-surface_spot-0007.jpg,surface_spot,mild,surface_spot,YES,0.9975901842,test
syn-v2-700-surface_spot-0026,synthetic/v2_700/images/surface_spot/syn-v2-700-surface_spot-0026.jpg,surface_spot,mild,surface_spot,YES,0.9378764629,test
syn-v2-700-surface_spot-0000,synthetic/v2_700/images/surface_spot/syn-v2-700-surface_spot-0000.jpg,surface_spot,mild,surface_spot,YES,0.9911871552,test
syn-v2-700-surface_spot-0003,synthetic/v2_700/images/surface_spot/syn-v2-700-surface_spot-0003.jpg,surface_spot,mild,surface_spot,YES,0.9774014950,test
syn-v2-700-surface_spot-0022,synthetic/v2_700/images/surface_spot/syn-v2-700-surface_spot-0022.jpg,surface_spot,mild,surface_spot,YES,0.9953073859,test
syn-v2-700-surface_spot-0091,synthetic/v2_700/images/surface_spot/syn-v2-700-surface_spot-0091.jpg,surface_spot,moderate,surface_spot,YES,0.9904183745,test
syn-v2-700-surface_spot-0079,synthetic/v2_700/images/surface_spot/syn-v2-700-surface_spot-0079.jpg,surface_spot,moderate,surface_spot,YES,0.9900113940,test
syn-v2-700-surface_spot-0032,synthetic/v2_700/images/surface_spot/syn-v2-700-surface_spot-0032.jpg,surface_spot,moderate,surface_spot,YES,0.9983459711,test
syn-v2-700-surface_spot-0080,synthetic/v2_700/images/surface_spot/syn-v2-700-surface_spot-0080.jpg,surface_spot,moderate,surface_spot,YES,0.9991864562,test
syn-v2-700-surface_spot-0098,synthetic/v2_700/images/surface_spot/syn-v2-700-surface_spot-0098.jpg,surface_spot,moderate,surface_spot,YES,0.9934985638,test
syn-v2-700-surface_spot-0081,synthetic/v2_700/images/surface_spot/syn-v2-700-surface_spot-0081.jpg,surface_spot,moderate,surface_spot,YES,0.9959998131,test
syn-v2-700-surface_spot-0067,synthetic/v2_700/images/surface_spot/syn-v2-700-surface_spot-0067.jpg,surface_spot,moderate,surface_spot,YES,0.9968684316,test
syn-v2-700-surface_spot-0066,synthetic/v2_700/images/surface_spot/syn-v2-700-surface_spot-0066.jpg,surface_spot,moderate,surface_spot,YES,0.9904852509,test
syn-v2-700-surface_spot-0014,synthetic/v2_700/images/surface_spot/syn-v2-700-surface_spot-0014.jpg,surface_spot,moderate,surface_spot,YES,0.9993675351,test
syn-v2-700-surface_spot-0009,synthetic/v2_700/images/surface_spot/syn-v2-700-surface_spot-0009.jpg,surface_spot,moderate,surface_spot,YES,0.9865434766,test
syn-v2-700-surface_spot-0008,synthetic/v2_700/images/surface_spot/syn-v2-700-surface_spot-0008.jpg,surface_spot,moderate,surface_spot,YES,0.9986324906,test
syn-v2-700-surface_spot-0054,synthetic/v2_700/images/surface_spot/syn-v2-700-surface_spot-0054.jpg,surface_spot,moderate,surface_spot,YES,0.9959533215,test
syn-v2-700-surface_spot-0084,synthetic/v2_700/images/surface_spot/syn-v2-700-surface_spot-0084.jpg,surface_spot,moderate,surface_spot,YES,0.9787895083,test
syn-v2-700-surface_spot-0028,synthetic/v2_700/images/surface_spot/syn-v2-700-surface_spot-0028.jpg,surface_spot,moderate,surface_spot,YES,0.9509543777,test
syn-v2-700-surface_spot-0052,synthetic/v2_700/images/surface_spot/syn-v2-700-surface_spot-0052.jpg,surface_spot,moderate,surface_spot,YES,0.9985463619,test
syn-v2-700-surface_spot-0099,synthetic/v2_700/images/surface_spot/syn-v2-700-surface_spot-0099.jpg,surface_spot,moderate,surface_spot,YES,0.9958865047,test
syn-v2-700-surface_spot-0050,synthetic/v2_700/images/surface_spot/syn-v2-700-surface_spot-0050.jpg,surface_spot,moderate,surface_spot,YES,0.9819840789,test
syn-v2-700-surface_spot-0029,synthetic/v2_700/images/surface_spot/syn-v2-700-surface_spot-0029.jpg,surface_spot,moderate,surface_spot,YES,0.9989726543,test
syn-v2-700-surface_spot-0065,synthetic/v2_700/images/surface_spot/syn-v2-700-surface_spot-0065.jpg,surface_spot,moderate,surface_spot,YES,0.9994992018,test
syn-v2-700-surface_spot-0015,synthetic/v2_700/images/surface_spot/syn-v2-700-surface_spot-0015.jpg,surface_spot,moderate,surface_spot,YES,0.9954747558,test
syn-v2-700-surface_spot-0006,synthetic/v2_700/images/surface_spot/syn-v2-700-surface_spot-0006.jpg,surface_spot,moderate,surface_spot,YES,0.9987221360,test
syn-v2-700-surface_spot-0069,synthetic/v2_700/images/surface_spot/syn-v2-700-surface_spot-0069.jpg,surface_spot,moderate,surface_spot,YES,0.9996534586,test
syn-v2-700-surface_spot-0078,synthetic/v2_700/images/surface_spot/syn-v2-700-surface_spot-0078.jpg,surface_spot,moderate,surface_spot,YES,0.9988458157,test
syn-v2-700-surface_spot-0068,synthetic/v2_700/images/surface_spot/syn-v2-700-surface_spot-0068.jpg,surface_spot,moderate,surface_spot,YES,0.9948095083,test
syn-v2-700-surface_spot-0057,synthetic/v2_700/images/surface_spot/syn-v2-700-surface_spot-0057.jpg,surface_spot,moderate,surface_spot,YES,0.9983432293,test
syn-v2-700-surface_spot-0058,synthetic/v2_700/images/surface_spot/syn-v2-700-surface_spot-0058.jpg,surface_spot,moderate,surface_spot,YES,0.9975599051,test
syn-v2-700-surface_spot-0030,synthetic/v2_700/images/surface_spot/syn-v2-700-surface_spot-0030.jpg,surface_spot,moderate,surface_spot,YES,0.9988164902,test
syn-v2-700-surface_spot-0019,synthetic/v2_700/images/surface_spot/syn-v2-700-surface_spot-0019.jpg,surface_spot,moderate,surface_spot,YES,0.9589896798,test
syn-v2-700-surface_spot-0063,synthetic/v2_700/images/surface_spot/syn-v2-700-surface_spot-0063.jpg,surface_spot,moderate,surface_spot,YES,0.5545992851,test
syn-v2-700-surface_spot-0072,synthetic/v2_700/images/surface_spot/syn-v2-700-surface_spot-0072.jpg,surface_spot,severe,surface_spot,YES,0.9773388505,test
syn-v2-700-surface_spot-0020,synthetic/v2_700/images/surface_spot/syn-v2-700-surface_spot-0020.jpg,surface_spot,severe,surface_spot,YES,0.9989621639,test
syn-v2-700-surface_spot-0038,synthetic/v2_700/images/surface_spot/syn-v2-700-surface_spot-0038.jpg,surface_spot,severe,surface_spot,YES,0.9765451550,test
syn-v2-700-surface_spot-0044,synthetic/v2_700/images/surface_spot/syn-v2-700-surface_spot-0044.jpg,surface_spot,severe,surface_spot,YES,0.9985962510,test
syn-v2-700-surface_spot-0062,synthetic/v2_700/images/surface_spot/syn-v2-700-surface_spot-0062.jpg,surface_spot,severe,surface_spot,YES,0.9995675683,test
syn-v2-700-surface_spot-0094,synthetic/v2_700/images/surface_spot/syn-v2-700-surface_spot-0094.jpg,surface_spot,severe,surface_spot,YES,0.9974662066,test
syn-v2-700-surface_spot-0055,synthetic/v2_700/images/surface_spot/syn-v2-700-surface_spot-0055.jpg,surface_spot,severe,surface_spot,YES,0.9977731109,test
syn-v2-700-surface_spot-0089,synthetic/v2_700/images/surface_spot/syn-v2-700-surface_spot-0089.jpg,surface_spot,severe,surface_spot,YES,0.9982290864,test
syn-v2-700-surface_spot-0043,synthetic/v2_700/images/surface_spot/syn-v2-700-surface_spot-0043.jpg,surface_spot,severe,surface_spot,YES,0.9966319203,test
syn-v2-700-surface_spot-0005,synthetic/v2_700/images/surface_spot/syn-v2-700-surface_spot-0005.jpg,surface_spot,severe,surface_spot,YES,0.9980121851,test
syn-v2-700-surface_spot-0045,synthetic/v2_700/images/surface_spot/syn-v2-700-surface_spot-0045.jpg,surface_spot,severe,surface_spot,YES,0.9908916354,test
syn-v2-700-surface_spot-0083,synthetic/v2_700/images/surface_spot/syn-v2-700-surface_spot-0083.jpg,surface_spot,severe,surface_spot,YES,0.9987363219,test
syn-v2-700-surface_spot-0059,synthetic/v2_700/images/surface_spot/syn-v2-700-surface_spot-0059.jpg,surface_spot,severe,surface_spot,YES,0.8588802814,test
syn-v2-700-surface_spot-0039,synthetic/v2_700/images/surface_spot/syn-v2-700-surface_spot-0039.jpg,surface_spot,severe,surface_spot,YES,0.9989990592,test
syn-v2-700-discoloration-0087,synthetic/v2_700/images/discoloration/syn-v2-700-discoloration-0087.jpg,discoloration,mild,discoloration,YES,0.9924604297,test
syn-v2-700-discoloration-0026,synthetic/v2_700/images/discoloration/syn-v2-700-discoloration-0026.jpg,discoloration,mild,discoloration,YES,0.9929121137,test
syn-v2-700-discoloration-0064,synthetic/v2_700/images/discoloration/syn-v2-700-discoloration-0064.jpg,discoloration,mild,discoloration,YES,0.9984360337,test
syn-v2-700-discoloration-0008,synthetic/v2_700/images/discoloration/syn-v2-700-discoloration-0008.jpg,discoloration,mild,discoloration,YES,0.9910894632,test
syn-v2-700-discoloration-0035,synthetic/v2_700/images/discoloration/syn-v2-700-discoloration-0035.jpg,discoloration,mild,discoloration,YES,0.9888478518,test
syn-v2-700-discoloration-0029,synthetic/v2_700/images/discoloration/syn-v2-700-discoloration-0029.jpg,discoloration,mild,discoloration,YES,0.9943495393,test
syn-v2-700-discoloration-0084,synthetic/v2_700/images/discoloration/syn-v2-700-discoloration-0084.jpg,discoloration,mild,lead_breakage,NO,0.4247242808,test
syn-v2-700-discoloration-0067,synthetic/v2_700/images/discoloration/syn-v2-700-discoloration-0067.jpg,discoloration,mild,discoloration,YES,0.9622714520,test
syn-v2-700-discoloration-0034,synthetic/v2_700/images/discoloration/syn-v2-700-discoloration-0034.jpg,discoloration,mild,discoloration,YES,0.9922547340,test
syn-v2-700-discoloration-0043,synthetic/v2_700/images/discoloration/syn-v2-700-discoloration-0043.jpg,discoloration,mild,discoloration,YES,0.9820867777,test
syn-v2-700-discoloration-0062,synthetic/v2_700/images/discoloration/syn-v2-700-discoloration-0062.jpg,discoloration,mild,discoloration,YES,0.9802144766,test
syn-v2-700-discoloration-0079,synthetic/v2_700/images/discoloration/syn-v2-700-discoloration-0079.jpg,discoloration,mild,discoloration,YES,0.9922488928,test
syn-v2-700-discoloration-0090,synthetic/v2_700/images/discoloration/syn-v2-700-discoloration-0090.jpg,discoloration,mild,discoloration,YES,0.9921899438,test
syn-v2-700-discoloration-0038,synthetic/v2_700/images/discoloration/syn-v2-700-discoloration-0038.jpg,discoloration,mild,discoloration,YES,0.9987373948,test
syn-v2-700-discoloration-0004,synthetic/v2_700/images/discoloration/syn-v2-700-discoloration-0004.jpg,discoloration,mild,discoloration,YES,0.9991472960,test
syn-v2-700-discoloration-0044,synthetic/v2_700/images/discoloration/syn-v2-700-discoloration-0044.jpg,discoloration,mild,discoloration,YES,0.9970147610,test
syn-v2-700-discoloration-0050,synthetic/v2_700/images/discoloration/syn-v2-700-discoloration-0050.jpg,discoloration,mild,discoloration,YES,0.9970589876,test
syn-v2-700-discoloration-0005,synthetic/v2_700/images/discoloration/syn-v2-700-discoloration-0005.jpg,discoloration,mild,discoloration,YES,0.9982636571,test
syn-v2-700-discoloration-0093,synthetic/v2_700/images/discoloration/syn-v2-700-discoloration-0093.jpg,discoloration,mild,discoloration,YES,0.9877423048,test
syn-v2-700-discoloration-0096,synthetic/v2_700/images/discoloration/syn-v2-700-discoloration-0096.jpg,discoloration,mild,discoloration,YES,0.9970595241,test
syn-v2-700-discoloration-0012,synthetic/v2_700/images/discoloration/syn-v2-700-discoloration-0012.jpg,discoloration,mild,discoloration,YES,0.9924005270,test
syn-v2-700-discoloration-0077,synthetic/v2_700/images/discoloration/syn-v2-700-discoloration-0077.jpg,discoloration,mild,discoloration,YES,0.9985191226,test
syn-v2-700-discoloration-0056,synthetic/v2_700/images/discoloration/syn-v2-700-discoloration-0056.jpg,discoloration,mild,discoloration,YES,0.9982670546,test
syn-v2-700-discoloration-0088,synthetic/v2_700/images/discoloration/syn-v2-700-discoloration-0088.jpg,discoloration,mild,discoloration,YES,0.9920952916,test
syn-v2-700-discoloration-0076,synthetic/v2_700/images/discoloration/syn-v2-700-discoloration-0076.jpg,discoloration,mild,discoloration,YES,0.9891980290,test
syn-v2-700-discoloration-0014,synthetic/v2_700/images/discoloration/syn-v2-700-discoloration-0014.jpg,discoloration,mild,discoloration,YES,0.9807305336,test
syn-v2-700-discoloration-0021,synthetic/v2_700/images/discoloration/syn-v2-700-discoloration-0021.jpg,discoloration,mild,discoloration,YES,0.9974316955,test
syn-v2-700-discoloration-0030,synthetic/v2_700/images/discoloration/syn-v2-700-discoloration-0030.jpg,discoloration,mild,discoloration,YES,0.9942963719,test
syn-v2-700-discoloration-0060,synthetic/v2_700/images/discoloration/syn-v2-700-discoloration-0060.jpg,discoloration,mild,discoloration,YES,0.9909317493,test
syn-v2-700-discoloration-0036,synthetic/v2_700/images/discoloration/syn-v2-700-discoloration-0036.jpg,discoloration,moderate,discoloration,YES,0.9937458038,test
syn-v2-700-discoloration-0055,synthetic/v2_700/images/discoloration/syn-v2-700-discoloration-0055.jpg,discoloration,moderate,discoloration,YES,0.9975093603,test
syn-v2-700-discoloration-0091,synthetic/v2_700/images/discoloration/syn-v2-700-discoloration-0091.jpg,discoloration,moderate,discoloration,YES,0.9967376590,test
syn-v2-700-discoloration-0099,synthetic/v2_700/images/discoloration/syn-v2-700-discoloration-0099.jpg,discoloration,moderate,discoloration,YES,0.9970834851,test
syn-v2-700-discoloration-0019,synthetic/v2_700/images/discoloration/syn-v2-700-discoloration-0019.jpg,discoloration,moderate,discoloration,YES,0.9986160994,test
syn-v2-700-discoloration-0069,synthetic/v2_700/images/discoloration/syn-v2-700-discoloration-0069.jpg,discoloration,moderate,discoloration,YES,0.9845353961,test
syn-v2-700-discoloration-0032,synthetic/v2_700/images/discoloration/syn-v2-700-discoloration-0032.jpg,discoloration,moderate,discoloration,YES,0.9941342473,test
syn-v2-700-discoloration-0037,synthetic/v2_700/images/discoloration/syn-v2-700-discoloration-0037.jpg,discoloration,moderate,discoloration,YES,0.9899224639,test
syn-v2-700-discoloration-0051,synthetic/v2_700/images/discoloration/syn-v2-700-discoloration-0051.jpg,discoloration,moderate,discoloration,YES,0.9913499355,test
syn-v2-700-discoloration-0000,synthetic/v2_700/images/discoloration/syn-v2-700-discoloration-0000.jpg,discoloration,moderate,discoloration,YES,0.9765906334,test
syn-v2-700-discoloration-0081,synthetic/v2_700/images/discoloration/syn-v2-700-discoloration-0081.jpg,discoloration,moderate,discoloration,YES,0.9995623231,test
syn-v2-700-discoloration-0092,synthetic/v2_700/images/discoloration/syn-v2-700-discoloration-0092.jpg,discoloration,moderate,discoloration,YES,0.9960087538,test
syn-v2-700-discoloration-0006,synthetic/v2_700/images/discoloration/syn-v2-700-discoloration-0006.jpg,discoloration,moderate,discoloration,YES,0.9939458966,test
syn-v2-700-discoloration-0031,synthetic/v2_700/images/discoloration/syn-v2-700-discoloration-0031.jpg,discoloration,moderate,discoloration,YES,0.9884795547,test
syn-v2-700-discoloration-0094,synthetic/v2_700/images/discoloration/syn-v2-700-discoloration-0094.jpg,discoloration,moderate,discoloration,YES,0.9977717996,test
syn-v2-700-discoloration-0033,synthetic/v2_700/images/discoloration/syn-v2-700-discoloration-0033.jpg,discoloration,moderate,discoloration,YES,0.9978564382,test
syn-v2-700-discoloration-0011,synthetic/v2_700/images/discoloration/syn-v2-700-discoloration-0011.jpg,discoloration,moderate,discoloration,YES,0.9962798953,test
syn-v2-700-discoloration-0052,synthetic/v2_700/images/discoloration/syn-v2-700-discoloration-0052.jpg,discoloration,moderate,discoloration,YES,0.9958362579,test
syn-v2-700-discoloration-0046,synthetic/v2_700/images/discoloration/syn-v2-700-discoloration-0046.jpg,discoloration,moderate,discoloration,YES,0.9992938042,test
syn-v2-700-discoloration-0020,synthetic/v2_700/images/discoloration/syn-v2-700-discoloration-0020.jpg,discoloration,moderate,discoloration,YES,0.9983149767,test
syn-v2-700-discoloration-0083,synthetic/v2_700/images/discoloration/syn-v2-700-discoloration-0083.jpg,discoloration,moderate,discoloration,YES,0.9982665777,test
syn-v2-700-discoloration-0022,synthetic/v2_700/images/discoloration/syn-v2-700-discoloration-0022.jpg,discoloration,moderate,discoloration,YES,0.9961573482,test
syn-v2-700-discoloration-0063,synthetic/v2_700/images/discoloration/syn-v2-700-discoloration-0063.jpg,discoloration,moderate,discoloration,YES,0.9974920750,test
syn-v2-700-discoloration-0059,synthetic/v2_700/images/discoloration/syn-v2-700-discoloration-0059.jpg,discoloration,moderate,discoloration,YES,0.9780284762,test
syn-v2-700-discoloration-0057,synthetic/v2_700/images/discoloration/syn-v2-700-discoloration-0057.jpg,discoloration,moderate,discoloration,YES,0.9962924123,test
syn-v2-700-discoloration-0003,synthetic/v2_700/images/discoloration/syn-v2-700-discoloration-0003.jpg,discoloration,moderate,discoloration,YES,0.9990118742,test
syn-v2-700-discoloration-0028,synthetic/v2_700/images/discoloration/syn-v2-700-discoloration-0028.jpg,discoloration,moderate,discoloration,YES,0.9897499681,test
syn-v2-700-discoloration-0040,synthetic/v2_700/images/discoloration/syn-v2-700-discoloration-0040.jpg,discoloration,moderate,discoloration,YES,0.9949674010,test
syn-v2-700-discoloration-0078,synthetic/v2_700/images/discoloration/syn-v2-700-discoloration-0078.jpg,discoloration,moderate,discoloration,YES,0.9972465038,test
syn-v2-700-discoloration-0041,synthetic/v2_700/images/discoloration/syn-v2-700-discoloration-0041.jpg,discoloration,severe,discoloration,YES,0.9988477230,test
syn-v2-700-discoloration-0002,synthetic/v2_700/images/discoloration/syn-v2-700-discoloration-0002.jpg,discoloration,severe,discoloration,YES,0.9873006940,test
syn-v2-700-discoloration-0001,synthetic/v2_700/images/discoloration/syn-v2-700-discoloration-0001.jpg,discoloration,severe,discoloration,YES,0.9957585931,test
syn-v2-700-discoloration-0065,synthetic/v2_700/images/discoloration/syn-v2-700-discoloration-0065.jpg,discoloration,severe,discoloration,YES,0.9905797839,test
syn-v2-700-discoloration-0097,synthetic/v2_700/images/discoloration/syn-v2-700-discoloration-0097.jpg,discoloration,severe,discoloration,YES,0.9868755341,test
syn-v2-700-discoloration-0049,synthetic/v2_700/images/discoloration/syn-v2-700-discoloration-0049.jpg,discoloration,severe,discoloration,YES,0.9929603934,test
syn-v2-700-discoloration-0007,synthetic/v2_700/images/discoloration/syn-v2-700-discoloration-0007.jpg,discoloration,severe,discoloration,YES,0.9892186522,test
syn-v2-700-discoloration-0086,synthetic/v2_700/images/discoloration/syn-v2-700-discoloration-0086.jpg,discoloration,severe,discoloration,YES,0.9986255169,test
syn-v2-700-discoloration-0075,synthetic/v2_700/images/discoloration/syn-v2-700-discoloration-0075.jpg,discoloration,severe,discoloration,YES,0.9611842632,test
syn-v2-700-discoloration-0016,synthetic/v2_700/images/discoloration/syn-v2-700-discoloration-0016.jpg,discoloration,severe,discoloration,YES,0.9993075132,test
syn-v2-700-discoloration-0066,synthetic/v2_700/images/discoloration/syn-v2-700-discoloration-0066.jpg,discoloration,severe,discoloration,YES,0.9937868118,test
syn-v2-700-discoloration-0074,synthetic/v2_700/images/discoloration/syn-v2-700-discoloration-0074.jpg,discoloration,severe,discoloration,YES,0.9888084531,test
syn-v2-700-discoloration-0085,synthetic/v2_700/images/discoloration/syn-v2-700-discoloration-0085.jpg,discoloration,severe,discoloration,YES,0.9952853322,test
syn-v2-700-discoloration-0010,synthetic/v2_700/images/discoloration/syn-v2-700-discoloration-0010.jpg,discoloration,severe,discoloration,YES,0.9740012288,test
syn-v2-700-contamination-0019,synthetic/v2_700/images/contamination/syn-v2-700-contamination-0019.jpg,contamination,mild,contamination,YES,0.9902252555,test
syn-v2-700-contamination-0030,synthetic/v2_700/images/contamination/syn-v2-700-contamination-0030.jpg,contamination,mild,contamination,YES,0.8209512830,test
syn-v2-700-contamination-0022,synthetic/v2_700/images/contamination/syn-v2-700-contamination-0022.jpg,contamination,mild,contamination,YES,0.9991297126,test
syn-v2-700-contamination-0003,synthetic/v2_700/images/contamination/syn-v2-700-contamination-0003.jpg,contamination,mild,body_chip,NO,0.5082577467,test
syn-v2-700-contamination-0008,synthetic/v2_700/images/contamination/syn-v2-700-contamination-0008.jpg,contamination,mild,discoloration,NO,0.6183316708,test
syn-v2-700-contamination-0083,synthetic/v2_700/images/contamination/syn-v2-700-contamination-0083.jpg,contamination,mild,contamination,YES,0.9971861243,test
syn-v2-700-contamination-0039,synthetic/v2_700/images/contamination/syn-v2-700-contamination-0039.jpg,contamination,mild,surface_spot,NO,0.4811033905,test
syn-v2-700-contamination-0056,synthetic/v2_700/images/contamination/syn-v2-700-contamination-0056.jpg,contamination,mild,contamination,YES,0.9915829301,test
syn-v2-700-contamination-0099,synthetic/v2_700/images/contamination/syn-v2-700-contamination-0099.jpg,contamination,mild,contamination,YES,0.9959837198,test
syn-v2-700-contamination-0067,synthetic/v2_700/images/contamination/syn-v2-700-contamination-0067.jpg,contamination,mild,contamination,YES,0.6310434341,test
syn-v2-700-contamination-0072,synthetic/v2_700/images/contamination/syn-v2-700-contamination-0072.jpg,contamination,mild,contamination,YES,0.9113850594,test
syn-v2-700-contamination-0064,synthetic/v2_700/images/contamination/syn-v2-700-contamination-0064.jpg,contamination,mild,contamination,YES,0.8356723785,test
syn-v2-700-contamination-0012,synthetic/v2_700/images/contamination/syn-v2-700-contamination-0012.jpg,contamination,mild,contamination,YES,0.7559719682,test
syn-v2-700-contamination-0061,synthetic/v2_700/images/contamination/syn-v2-700-contamination-0061.jpg,contamination,mild,contamination,YES,0.6105553508,test
syn-v2-700-contamination-0015,synthetic/v2_700/images/contamination/syn-v2-700-contamination-0015.jpg,contamination,mild,contamination,YES,0.9294862747,test
syn-v2-700-contamination-0023,synthetic/v2_700/images/contamination/syn-v2-700-contamination-0023.jpg,contamination,mild,contamination,YES,0.9473382235,test
syn-v2-700-contamination-0042,synthetic/v2_700/images/contamination/syn-v2-700-contamination-0042.jpg,contamination,mild,surface_spot,NO,0.5523605347,test
syn-v2-700-contamination-0038,synthetic/v2_700/images/contamination/syn-v2-700-contamination-0038.jpg,contamination,mild,surface_spot,NO,0.5656338334,test
syn-v2-700-contamination-0087,synthetic/v2_700/images/contamination/syn-v2-700-contamination-0087.jpg,contamination,mild,contamination,YES,0.9944399595,test
syn-v2-700-contamination-0080,synthetic/v2_700/images/contamination/syn-v2-700-contamination-0080.jpg,contamination,mild,contamination,YES,0.9435619116,test
syn-v2-700-contamination-0082,synthetic/v2_700/images/contamination/syn-v2-700-contamination-0082.jpg,contamination,mild,contamination,YES,0.9647041559,test
syn-v2-700-contamination-0000,synthetic/v2_700/images/contamination/syn-v2-700-contamination-0000.jpg,contamination,mild,contamination,YES,0.9962670207,test
syn-v2-700-contamination-0074,synthetic/v2_700/images/contamination/syn-v2-700-contamination-0074.jpg,contamination,mild,contamination,YES,0.9876784682,test
syn-v2-700-contamination-0043,synthetic/v2_700/images/contamination/syn-v2-700-contamination-0043.jpg,contamination,mild,contamination,YES,0.9980792999,test
syn-v2-700-contamination-0063,synthetic/v2_700/images/contamination/syn-v2-700-contamination-0063.jpg,contamination,mild,contamination,YES,0.9792699814,test
syn-v2-700-contamination-0024,synthetic/v2_700/images/contamination/syn-v2-700-contamination-0024.jpg,contamination,mild,contamination,YES,0.9974410534,test
syn-v2-700-contamination-0009,synthetic/v2_700/images/contamination/syn-v2-700-contamination-0009.jpg,contamination,mild,contamination,YES,0.9958543777,test
syn-v2-700-contamination-0058,synthetic/v2_700/images/contamination/syn-v2-700-contamination-0058.jpg,contamination,mild,contamination,YES,0.9849837422,test
syn-v2-700-contamination-0070,synthetic/v2_700/images/contamination/syn-v2-700-contamination-0070.jpg,contamination,mild,contamination,YES,0.8961756229,test
syn-v2-700-contamination-0068,synthetic/v2_700/images/contamination/syn-v2-700-contamination-0068.jpg,contamination,moderate,surface_spot,NO,0.5462722778,test
syn-v2-700-contamination-0092,synthetic/v2_700/images/contamination/syn-v2-700-contamination-0092.jpg,contamination,moderate,contamination,YES,0.8611966968,test
syn-v2-700-contamination-0010,synthetic/v2_700/images/contamination/syn-v2-700-contamination-0010.jpg,contamination,moderate,contamination,YES,0.9991146922,test
syn-v2-700-contamination-0091,synthetic/v2_700/images/contamination/syn-v2-700-contamination-0091.jpg,contamination,moderate,contamination,YES,0.9673677683,test
syn-v2-700-contamination-0048,synthetic/v2_700/images/contamination/syn-v2-700-contamination-0048.jpg,contamination,moderate,contamination,YES,0.9931684732,test
syn-v2-700-contamination-0071,synthetic/v2_700/images/contamination/syn-v2-700-contamination-0071.jpg,contamination,moderate,contamination,YES,0.9968716502,test
syn-v2-700-contamination-0066,synthetic/v2_700/images/contamination/syn-v2-700-contamination-0066.jpg,contamination,moderate,contamination,YES,0.9959989786,test
syn-v2-700-contamination-0079,synthetic/v2_700/images/contamination/syn-v2-700-contamination-0079.jpg,contamination,moderate,contamination,YES,0.9947748184,test
syn-v2-700-contamination-0046,synthetic/v2_700/images/contamination/syn-v2-700-contamination-0046.jpg,contamination,moderate,contamination,YES,0.9918565750,test
syn-v2-700-contamination-0017,synthetic/v2_700/images/contamination/syn-v2-700-contamination-0017.jpg,contamination,moderate,contamination,YES,0.9985160232,test
syn-v2-700-contamination-0053,synthetic/v2_700/images/contamination/syn-v2-700-contamination-0053.jpg,contamination,moderate,contamination,YES,0.9995234013,test
syn-v2-700-contamination-0041,synthetic/v2_700/images/contamination/syn-v2-700-contamination-0041.jpg,contamination,moderate,contamination,YES,0.9996836185,test
syn-v2-700-contamination-0094,synthetic/v2_700/images/contamination/syn-v2-700-contamination-0094.jpg,contamination,moderate,contamination,YES,0.9980738163,test
syn-v2-700-contamination-0031,synthetic/v2_700/images/contamination/syn-v2-700-contamination-0031.jpg,contamination,moderate,contamination,YES,0.9991639853,test
syn-v2-700-contamination-0069,synthetic/v2_700/images/contamination/syn-v2-700-contamination-0069.jpg,contamination,moderate,contamination,YES,0.8855304718,test
syn-v2-700-contamination-0059,synthetic/v2_700/images/contamination/syn-v2-700-contamination-0059.jpg,contamination,moderate,contamination,YES,0.8072566986,test
syn-v2-700-contamination-0097,synthetic/v2_700/images/contamination/syn-v2-700-contamination-0097.jpg,contamination,moderate,contamination,YES,0.9970515966,test
syn-v2-700-contamination-0025,synthetic/v2_700/images/contamination/syn-v2-700-contamination-0025.jpg,contamination,moderate,contamination,YES,0.9990726709,test
syn-v2-700-contamination-0033,synthetic/v2_700/images/contamination/syn-v2-700-contamination-0033.jpg,contamination,moderate,contamination,YES,0.9977579713,test
syn-v2-700-contamination-0089,synthetic/v2_700/images/contamination/syn-v2-700-contamination-0089.jpg,contamination,moderate,contamination,YES,0.9858760238,test
syn-v2-700-contamination-0065,synthetic/v2_700/images/contamination/syn-v2-700-contamination-0065.jpg,contamination,moderate,contamination,YES,0.8942260742,test
syn-v2-700-contamination-0004,synthetic/v2_700/images/contamination/syn-v2-700-contamination-0004.jpg,contamination,moderate,contamination,YES,0.4360891879,test
syn-v2-700-contamination-0013,synthetic/v2_700/images/contamination/syn-v2-700-contamination-0013.jpg,contamination,moderate,contamination,YES,0.4780174196,test
syn-v2-700-contamination-0005,synthetic/v2_700/images/contamination/syn-v2-700-contamination-0005.jpg,contamination,moderate,contamination,YES,0.7678497434,test
syn-v2-700-contamination-0076,synthetic/v2_700/images/contamination/syn-v2-700-contamination-0076.jpg,contamination,moderate,contamination,YES,0.9986747503,test
syn-v2-700-contamination-0098,synthetic/v2_700/images/contamination/syn-v2-700-contamination-0098.jpg,contamination,moderate,contamination,YES,0.9990668893,test
syn-v2-700-contamination-0026,synthetic/v2_700/images/contamination/syn-v2-700-contamination-0026.jpg,contamination,moderate,contamination,YES,0.9885053039,test
syn-v2-700-contamination-0055,synthetic/v2_700/images/contamination/syn-v2-700-contamination-0055.jpg,contamination,moderate,contamination,YES,0.9970124960,test
syn-v2-700-contamination-0040,synthetic/v2_700/images/contamination/syn-v2-700-contamination-0040.jpg,contamination,moderate,contamination,YES,0.9991983771,test
syn-v2-700-contamination-0037,synthetic/v2_700/images/contamination/syn-v2-700-contamination-0037.jpg,contamination,severe,contamination,YES,0.9899242520,test
syn-v2-700-contamination-0049,synthetic/v2_700/images/contamination/syn-v2-700-contamination-0049.jpg,contamination,severe,contamination,YES,0.9707711339,test
syn-v2-700-contamination-0093,synthetic/v2_700/images/contamination/syn-v2-700-contamination-0093.jpg,contamination,severe,contamination,YES,0.9901879430,test
syn-v2-700-contamination-0021,synthetic/v2_700/images/contamination/syn-v2-700-contamination-0021.jpg,contamination,severe,contamination,YES,0.9973998070,test
syn-v2-700-contamination-0032,synthetic/v2_700/images/contamination/syn-v2-700-contamination-0032.jpg,contamination,severe,body_crack,NO,0.4887555838,test
syn-v2-700-contamination-0027,synthetic/v2_700/images/contamination/syn-v2-700-contamination-0027.jpg,contamination,severe,contamination,YES,0.9965027571,test
syn-v2-700-contamination-0095,synthetic/v2_700/images/contamination/syn-v2-700-contamination-0095.jpg,contamination,severe,contamination,YES,0.9998264909,test
syn-v2-700-contamination-0029,synthetic/v2_700/images/contamination/syn-v2-700-contamination-0029.jpg,contamination,severe,contamination,YES,0.9639659524,test
syn-v2-700-contamination-0047,synthetic/v2_700/images/contamination/syn-v2-700-contamination-0047.jpg,contamination,severe,contamination,YES,0.9896251559,test
syn-v2-700-contamination-0001,synthetic/v2_700/images/contamination/syn-v2-700-contamination-0001.jpg,contamination,severe,contamination,YES,0.9785566330,test
syn-v2-700-contamination-0016,synthetic/v2_700/images/contamination/syn-v2-700-contamination-0016.jpg,contamination,severe,contamination,YES,0.9999039173,test
syn-v2-700-contamination-0036,synthetic/v2_700/images/contamination/syn-v2-700-contamination-0036.jpg,contamination,severe,contamination,YES,0.9993488193,test
syn-v2-700-contamination-0018,synthetic/v2_700/images/contamination/syn-v2-700-contamination-0018.jpg,contamination,severe,contamination,YES,0.9928378463,test
syn-v2-700-contamination-0060,synthetic/v2_700/images/contamination/syn-v2-700-contamination-0060.jpg,contamination,severe,contamination,YES,0.9997339845,test
syn-v2-700-lead_breakage-0001,synthetic/v2_700/images/lead_breakage/syn-v2-700-lead_breakage-0001.jpg,lead_breakage,mild,lead_breakage,YES,0.9993913174,test
syn-v2-700-lead_breakage-0038,synthetic/v2_700/images/lead_breakage/syn-v2-700-lead_breakage-0038.jpg,lead_breakage,mild,lead_breakage,YES,0.9995951056,test
syn-v2-700-lead_breakage-0016,synthetic/v2_700/images/lead_breakage/syn-v2-700-lead_breakage-0016.jpg,lead_breakage,mild,lead_breakage,YES,0.9989410043,test
syn-v2-700-lead_breakage-0040,synthetic/v2_700/images/lead_breakage/syn-v2-700-lead_breakage-0040.jpg,lead_breakage,mild,lead_breakage,YES,0.9997057319,test
syn-v2-700-lead_breakage-0091,synthetic/v2_700/images/lead_breakage/syn-v2-700-lead_breakage-0091.jpg,lead_breakage,mild,lead_breakage,YES,0.9997676015,test
syn-v2-700-lead_breakage-0033,synthetic/v2_700/images/lead_breakage/syn-v2-700-lead_breakage-0033.jpg,lead_breakage,mild,lead_breakage,YES,0.9994922876,test
syn-v2-700-lead_breakage-0048,synthetic/v2_700/images/lead_breakage/syn-v2-700-lead_breakage-0048.jpg,lead_breakage,mild,lead_breakage,YES,0.9991840720,test
syn-v2-700-lead_breakage-0079,synthetic/v2_700/images/lead_breakage/syn-v2-700-lead_breakage-0079.jpg,lead_breakage,mild,lead_breakage,YES,0.9974094033,test
syn-v2-700-lead_breakage-0075,synthetic/v2_700/images/lead_breakage/syn-v2-700-lead_breakage-0075.jpg,lead_breakage,mild,lead_breakage,YES,0.9983066320,test
syn-v2-700-lead_breakage-0011,synthetic/v2_700/images/lead_breakage/syn-v2-700-lead_breakage-0011.jpg,lead_breakage,mild,lead_breakage,YES,0.9962309003,test
syn-v2-700-lead_breakage-0007,synthetic/v2_700/images/lead_breakage/syn-v2-700-lead_breakage-0007.jpg,lead_breakage,mild,lead_breakage,YES,0.9568330646,test
syn-v2-700-lead_breakage-0015,synthetic/v2_700/images/lead_breakage/syn-v2-700-lead_breakage-0015.jpg,lead_breakage,mild,lead_breakage,YES,0.9819453359,test
syn-v2-700-lead_breakage-0032,synthetic/v2_700/images/lead_breakage/syn-v2-700-lead_breakage-0032.jpg,lead_breakage,mild,lead_breakage,YES,0.9994105101,test
syn-v2-700-lead_breakage-0066,synthetic/v2_700/images/lead_breakage/syn-v2-700-lead_breakage-0066.jpg,lead_breakage,mild,lead_breakage,YES,0.9992110729,test
syn-v2-700-lead_breakage-0028,synthetic/v2_700/images/lead_breakage/syn-v2-700-lead_breakage-0028.jpg,lead_breakage,mild,lead_breakage,YES,0.9989841580,test
syn-v2-700-lead_breakage-0080,synthetic/v2_700/images/lead_breakage/syn-v2-700-lead_breakage-0080.jpg,lead_breakage,mild,lead_breakage,YES,0.9988337159,test
syn-v2-700-lead_breakage-0065,synthetic/v2_700/images/lead_breakage/syn-v2-700-lead_breakage-0065.jpg,lead_breakage,mild,lead_breakage,YES,0.9431215525,test
syn-v2-700-lead_breakage-0064,synthetic/v2_700/images/lead_breakage/syn-v2-700-lead_breakage-0064.jpg,lead_breakage,mild,lead_breakage,YES,0.9969391823,test
syn-v2-700-lead_breakage-0035,synthetic/v2_700/images/lead_breakage/syn-v2-700-lead_breakage-0035.jpg,lead_breakage,mild,lead_breakage,YES,0.9989320636,test
syn-v2-700-lead_breakage-0090,synthetic/v2_700/images/lead_breakage/syn-v2-700-lead_breakage-0090.jpg,lead_breakage,mild,lead_breakage,YES,0.9955925345,test
syn-v2-700-lead_breakage-0061,synthetic/v2_700/images/lead_breakage/syn-v2-700-lead_breakage-0061.jpg,lead_breakage,mild,lead_breakage,YES,0.9983468056,test
syn-v2-700-lead_breakage-0086,synthetic/v2_700/images/lead_breakage/syn-v2-700-lead_breakage-0086.jpg,lead_breakage,mild,lead_breakage,YES,0.9987182617,test
syn-v2-700-lead_breakage-0058,synthetic/v2_700/images/lead_breakage/syn-v2-700-lead_breakage-0058.jpg,lead_breakage,mild,lead_breakage,YES,0.9887308478,test
syn-v2-700-lead_breakage-0036,synthetic/v2_700/images/lead_breakage/syn-v2-700-lead_breakage-0036.jpg,lead_breakage,mild,lead_breakage,YES,0.9994698167,test
syn-v2-700-lead_breakage-0094,synthetic/v2_700/images/lead_breakage/syn-v2-700-lead_breakage-0094.jpg,lead_breakage,mild,lead_breakage,YES,0.9917579293,test
syn-v2-700-lead_breakage-0055,synthetic/v2_700/images/lead_breakage/syn-v2-700-lead_breakage-0055.jpg,lead_breakage,mild,lead_breakage,YES,0.9992328882,test
syn-v2-700-lead_breakage-0021,synthetic/v2_700/images/lead_breakage/syn-v2-700-lead_breakage-0021.jpg,lead_breakage,mild,lead_breakage,YES,0.9998458624,test
syn-v2-700-lead_breakage-0027,synthetic/v2_700/images/lead_breakage/syn-v2-700-lead_breakage-0027.jpg,lead_breakage,mild,lead_breakage,YES,0.9978690147,test
syn-v2-700-lead_breakage-0098,synthetic/v2_700/images/lead_breakage/syn-v2-700-lead_breakage-0098.jpg,lead_breakage,mild,lead_breakage,YES,0.9973700047,test
syn-v2-700-lead_breakage-0004,synthetic/v2_700/images/lead_breakage/syn-v2-700-lead_breakage-0004.jpg,lead_breakage,moderate,lead_breakage,YES,0.9994420409,test
syn-v2-700-lead_breakage-0070,synthetic/v2_700/images/lead_breakage/syn-v2-700-lead_breakage-0070.jpg,lead_breakage,moderate,lead_breakage,YES,0.9983901978,test
syn-v2-700-lead_breakage-0084,synthetic/v2_700/images/lead_breakage/syn-v2-700-lead_breakage-0084.jpg,lead_breakage,moderate,lead_breakage,YES,0.9996384382,test
syn-v2-700-lead_breakage-0023,synthetic/v2_700/images/lead_breakage/syn-v2-700-lead_breakage-0023.jpg,lead_breakage,moderate,lead_breakage,YES,0.9979844093,test
syn-v2-700-lead_breakage-0045,synthetic/v2_700/images/lead_breakage/syn-v2-700-lead_breakage-0045.jpg,lead_breakage,moderate,lead_breakage,YES,0.9969191551,test
syn-v2-700-lead_breakage-0054,synthetic/v2_700/images/lead_breakage/syn-v2-700-lead_breakage-0054.jpg,lead_breakage,moderate,lead_breakage,YES,0.9974427223,test
syn-v2-700-lead_breakage-0009,synthetic/v2_700/images/lead_breakage/syn-v2-700-lead_breakage-0009.jpg,lead_breakage,moderate,lead_breakage,YES,0.9979627132,test
syn-v2-700-lead_breakage-0062,synthetic/v2_700/images/lead_breakage/syn-v2-700-lead_breakage-0062.jpg,lead_breakage,moderate,lead_breakage,YES,0.9997560382,test
syn-v2-700-lead_breakage-0003,synthetic/v2_700/images/lead_breakage/syn-v2-700-lead_breakage-0003.jpg,lead_breakage,moderate,lead_breakage,YES,0.9921268225,test
syn-v2-700-lead_breakage-0013,synthetic/v2_700/images/lead_breakage/syn-v2-700-lead_breakage-0013.jpg,lead_breakage,moderate,lead_breakage,YES,0.9993526340,test
syn-v2-700-lead_breakage-0002,synthetic/v2_700/images/lead_breakage/syn-v2-700-lead_breakage-0002.jpg,lead_breakage,moderate,lead_breakage,YES,0.9989602566,test
syn-v2-700-lead_breakage-0024,synthetic/v2_700/images/lead_breakage/syn-v2-700-lead_breakage-0024.jpg,lead_breakage,moderate,lead_breakage,YES,0.9955516458,test
syn-v2-700-lead_breakage-0047,synthetic/v2_700/images/lead_breakage/syn-v2-700-lead_breakage-0047.jpg,lead_breakage,moderate,lead_breakage,YES,0.9984918833,test
syn-v2-700-lead_breakage-0043,synthetic/v2_700/images/lead_breakage/syn-v2-700-lead_breakage-0043.jpg,lead_breakage,moderate,lead_breakage,YES,0.9617221355,test
syn-v2-700-lead_breakage-0095,synthetic/v2_700/images/lead_breakage/syn-v2-700-lead_breakage-0095.jpg,lead_breakage,moderate,lead_breakage,YES,0.9995043278,test
syn-v2-700-lead_breakage-0041,synthetic/v2_700/images/lead_breakage/syn-v2-700-lead_breakage-0041.jpg,lead_breakage,moderate,lead_breakage,YES,0.9994785190,test
syn-v2-700-lead_breakage-0030,synthetic/v2_700/images/lead_breakage/syn-v2-700-lead_breakage-0030.jpg,lead_breakage,moderate,lead_breakage,YES,0.9992096424,test
syn-v2-700-lead_breakage-0087,synthetic/v2_700/images/lead_breakage/syn-v2-700-lead_breakage-0087.jpg,lead_breakage,moderate,lead_breakage,YES,0.9976416826,test
syn-v2-700-lead_breakage-0050,synthetic/v2_700/images/lead_breakage/syn-v2-700-lead_breakage-0050.jpg,lead_breakage,moderate,lead_breakage,YES,0.9992327690,test
syn-v2-700-lead_breakage-0044,synthetic/v2_700/images/lead_breakage/syn-v2-700-lead_breakage-0044.jpg,lead_breakage,moderate,lead_breakage,YES,0.9984142780,test
syn-v2-700-lead_breakage-0052,synthetic/v2_700/images/lead_breakage/syn-v2-700-lead_breakage-0052.jpg,lead_breakage,moderate,lead_breakage,YES,0.9991754889,test
syn-v2-700-lead_breakage-0000,synthetic/v2_700/images/lead_breakage/syn-v2-700-lead_breakage-0000.jpg,lead_breakage,moderate,lead_breakage,YES,0.9949152470,test
syn-v2-700-lead_breakage-0026,synthetic/v2_700/images/lead_breakage/syn-v2-700-lead_breakage-0026.jpg,lead_breakage,moderate,lead_breakage,YES,0.9968116879,test
syn-v2-700-lead_breakage-0037,synthetic/v2_700/images/lead_breakage/syn-v2-700-lead_breakage-0037.jpg,lead_breakage,moderate,lead_breakage,YES,0.9994304776,test
syn-v2-700-lead_breakage-0074,synthetic/v2_700/images/lead_breakage/syn-v2-700-lead_breakage-0074.jpg,lead_breakage,moderate,lead_breakage,YES,0.9986158609,test
syn-v2-700-lead_breakage-0096,synthetic/v2_700/images/lead_breakage/syn-v2-700-lead_breakage-0096.jpg,lead_breakage,moderate,lead_breakage,YES,0.9996073842,test
syn-v2-700-lead_breakage-0042,synthetic/v2_700/images/lead_breakage/syn-v2-700-lead_breakage-0042.jpg,lead_breakage,moderate,lead_breakage,YES,0.9957938194,test
syn-v2-700-lead_breakage-0049,synthetic/v2_700/images/lead_breakage/syn-v2-700-lead_breakage-0049.jpg,lead_breakage,moderate,lead_breakage,YES,0.9961419702,test
syn-v2-700-lead_breakage-0077,synthetic/v2_700/images/lead_breakage/syn-v2-700-lead_breakage-0077.jpg,lead_breakage,moderate,lead_breakage,YES,0.9942466617,test
syn-v2-700-lead_breakage-0071,synthetic/v2_700/images/lead_breakage/syn-v2-700-lead_breakage-0071.jpg,lead_breakage,severe,lead_breakage,YES,0.9993647933,test
syn-v2-700-lead_breakage-0034,synthetic/v2_700/images/lead_breakage/syn-v2-700-lead_breakage-0034.jpg,lead_breakage,severe,lead_breakage,YES,0.9996646643,test
syn-v2-700-lead_breakage-0039,synthetic/v2_700/images/lead_breakage/syn-v2-700-lead_breakage-0039.jpg,lead_breakage,severe,lead_breakage,YES,0.9978014827,test
syn-v2-700-lead_breakage-0006,synthetic/v2_700/images/lead_breakage/syn-v2-700-lead_breakage-0006.jpg,lead_breakage,severe,lead_breakage,YES,0.9987554550,test
syn-v2-700-lead_breakage-0031,synthetic/v2_700/images/lead_breakage/syn-v2-700-lead_breakage-0031.jpg,lead_breakage,severe,lead_breakage,YES,0.9979428649,test
syn-v2-700-lead_breakage-0019,synthetic/v2_700/images/lead_breakage/syn-v2-700-lead_breakage-0019.jpg,lead_breakage,severe,lead_breakage,YES,0.9972890615,test
syn-v2-700-lead_breakage-0022,synthetic/v2_700/images/lead_breakage/syn-v2-700-lead_breakage-0022.jpg,lead_breakage,severe,lead_breakage,YES,0.9998862743,test
syn-v2-700-lead_breakage-0078,synthetic/v2_700/images/lead_breakage/syn-v2-700-lead_breakage-0078.jpg,lead_breakage,severe,lead_breakage,YES,0.9971385002,test
syn-v2-700-lead_breakage-0083,synthetic/v2_700/images/lead_breakage/syn-v2-700-lead_breakage-0083.jpg,lead_breakage,severe,lead_breakage,YES,0.9961622953,test
syn-v2-700-lead_breakage-0063,synthetic/v2_700/images/lead_breakage/syn-v2-700-lead_breakage-0063.jpg,lead_breakage,severe,lead_breakage,YES,0.9984793067,test
syn-v2-700-lead_breakage-0025,synthetic/v2_700/images/lead_breakage/syn-v2-700-lead_breakage-0025.jpg,lead_breakage,severe,lead_breakage,YES,0.9989807010,test
syn-v2-700-lead_breakage-0005,synthetic/v2_700/images/lead_breakage/syn-v2-700-lead_breakage-0005.jpg,lead_breakage,severe,lead_breakage,YES,0.9999139309,test
syn-v2-700-lead_breakage-0081,synthetic/v2_700/images/lead_breakage/syn-v2-700-lead_breakage-0081.jpg,lead_breakage,severe,lead_breakage,YES,0.9975964427,test
syn-v2-700-lead_breakage-0097,synthetic/v2_700/images/lead_breakage/syn-v2-700-lead_breakage-0097.jpg,lead_breakage,severe,lead_breakage,YES,0.9968367815,test
syn-v2-700-body_chip-0038,synthetic/v2_700/images/body_chip/syn-v2-700-body_chip-0038.jpg,body_chip,mild,lead_breakage,NO,0.5936325788,test
syn-v2-700-body_chip-0040,synthetic/v2_700/images/body_chip/syn-v2-700-body_chip-0040.jpg,body_chip,mild,body_chip,YES,0.9850901365,test
syn-v2-700-body_chip-0089,synthetic/v2_700/images/body_chip/syn-v2-700-body_chip-0089.jpg,body_chip,mild,body_chip,YES,0.9906847477,test
syn-v2-700-body_chip-0068,synthetic/v2_700/images/body_chip/syn-v2-700-body_chip-0068.jpg,body_chip,mild,body_chip,YES,0.6130023003,test
syn-v2-700-body_chip-0093,synthetic/v2_700/images/body_chip/syn-v2-700-body_chip-0093.jpg,body_chip,mild,body_chip,YES,0.9668163061,test
syn-v2-700-body_chip-0003,synthetic/v2_700/images/body_chip/syn-v2-700-body_chip-0003.jpg,body_chip,mild,body_chip,YES,0.9375824332,test
syn-v2-700-body_chip-0010,synthetic/v2_700/images/body_chip/syn-v2-700-body_chip-0010.jpg,body_chip,mild,lead_breakage,NO,0.5046156645,test
syn-v2-700-body_chip-0061,synthetic/v2_700/images/body_chip/syn-v2-700-body_chip-0061.jpg,body_chip,mild,body_chip,YES,0.9585651755,test
syn-v2-700-body_chip-0023,synthetic/v2_700/images/body_chip/syn-v2-700-body_chip-0023.jpg,body_chip,mild,lead_breakage,NO,0.4911336601,test
syn-v2-700-body_chip-0009,synthetic/v2_700/images/body_chip/syn-v2-700-body_chip-0009.jpg,body_chip,mild,body_chip,YES,0.9565150142,test
syn-v2-700-body_chip-0042,synthetic/v2_700/images/body_chip/syn-v2-700-body_chip-0042.jpg,body_chip,mild,body_chip,YES,0.5127257705,test
syn-v2-700-body_chip-0044,synthetic/v2_700/images/body_chip/syn-v2-700-body_chip-0044.jpg,body_chip,mild,body_chip,YES,0.9356914759,test
syn-v2-700-body_chip-0024,synthetic/v2_700/images/body_chip/syn-v2-700-body_chip-0024.jpg,body_chip,mild,lead_breakage,NO,0.4941767454,test
syn-v2-700-body_chip-0092,synthetic/v2_700/images/body_chip/syn-v2-700-body_chip-0092.jpg,body_chip,mild,body_chip,YES,0.8499363065,test
syn-v2-700-body_chip-0032,synthetic/v2_700/images/body_chip/syn-v2-700-body_chip-0032.jpg,body_chip,mild,body_chip,YES,0.9442971349,test
syn-v2-700-body_chip-0037,synthetic/v2_700/images/body_chip/syn-v2-700-body_chip-0037.jpg,body_chip,mild,body_chip,YES,0.9297445416,test
syn-v2-700-body_chip-0043,synthetic/v2_700/images/body_chip/syn-v2-700-body_chip-0043.jpg,body_chip,mild,body_chip,YES,0.9096890092,test
syn-v2-700-body_chip-0090,synthetic/v2_700/images/body_chip/syn-v2-700-body_chip-0090.jpg,body_chip,mild,body_chip,YES,0.9534249306,test
syn-v2-700-body_chip-0048,synthetic/v2_700/images/body_chip/syn-v2-700-body_chip-0048.jpg,body_chip,mild,body_chip,YES,0.9910957813,test
syn-v2-700-body_chip-0007,synthetic/v2_700/images/body_chip/syn-v2-700-body_chip-0007.jpg,body_chip,mild,body_chip,YES,0.9775542617,test
syn-v2-700-body_chip-0013,synthetic/v2_700/images/body_chip/syn-v2-700-body_chip-0013.jpg,body_chip,mild,body_chip,YES,0.9197899103,test
syn-v2-700-body_chip-0085,synthetic/v2_700/images/body_chip/syn-v2-700-body_chip-0085.jpg,body_chip,mild,body_chip,YES,0.9998196959,test
syn-v2-700-body_chip-0066,synthetic/v2_700/images/body_chip/syn-v2-700-body_chip-0066.jpg,body_chip,mild,lead_breakage,NO,0.6403034925,test
syn-v2-700-body_chip-0000,synthetic/v2_700/images/body_chip/syn-v2-700-body_chip-0000.jpg,body_chip,mild,body_chip,YES,0.9731157422,test
syn-v2-700-body_chip-0083,synthetic/v2_700/images/body_chip/syn-v2-700-body_chip-0083.jpg,body_chip,mild,body_chip,YES,0.9290830493,test
syn-v2-700-body_chip-0070,synthetic/v2_700/images/body_chip/syn-v2-700-body_chip-0070.jpg,body_chip,mild,body_chip,YES,0.5786107183,test
syn-v2-700-body_chip-0067,synthetic/v2_700/images/body_chip/syn-v2-700-body_chip-0067.jpg,body_chip,mild,body_chip,YES,0.9846077561,test
syn-v2-700-body_chip-0034,synthetic/v2_700/images/body_chip/syn-v2-700-body_chip-0034.jpg,body_chip,mild,body_chip,YES,0.5329923034,test
syn-v2-700-body_chip-0071,synthetic/v2_700/images/body_chip/syn-v2-700-body_chip-0071.jpg,body_chip,mild,body_chip,YES,0.7632617354,test
syn-v2-700-body_chip-0027,synthetic/v2_700/images/body_chip/syn-v2-700-body_chip-0027.jpg,body_chip,moderate,body_chip,YES,0.9994577765,test
syn-v2-700-body_chip-0076,synthetic/v2_700/images/body_chip/syn-v2-700-body_chip-0076.jpg,body_chip,moderate,body_chip,YES,0.9988520145,test
syn-v2-700-body_chip-0031,synthetic/v2_700/images/body_chip/syn-v2-700-body_chip-0031.jpg,body_chip,moderate,body_chip,YES,0.9988104105,test
syn-v2-700-body_chip-0002,synthetic/v2_700/images/body_chip/syn-v2-700-body_chip-0002.jpg,body_chip,moderate,body_chip,YES,0.9985561967,test
syn-v2-700-body_chip-0001,synthetic/v2_700/images/body_chip/syn-v2-700-body_chip-0001.jpg,body_chip,moderate,body_chip,YES,0.9992738366,test
syn-v2-700-body_chip-0008,synthetic/v2_700/images/body_chip/syn-v2-700-body_chip-0008.jpg,body_chip,moderate,body_chip,YES,0.9923397303,test
syn-v2-700-body_chip-0057,synthetic/v2_700/images/body_chip/syn-v2-700-body_chip-0057.jpg,body_chip,moderate,body_chip,YES,0.7820112705,test
syn-v2-700-body_chip-0022,synthetic/v2_700/images/body_chip/syn-v2-700-body_chip-0022.jpg,body_chip,moderate,body_chip,YES,0.9970408082,test
syn-v2-700-body_chip-0082,synthetic/v2_700/images/body_chip/syn-v2-700-body_chip-0082.jpg,body_chip,moderate,body_chip,YES,0.9981385469,test
syn-v2-700-body_chip-0012,synthetic/v2_700/images/body_chip/syn-v2-700-body_chip-0012.jpg,body_chip,moderate,body_chip,YES,0.9953613877,test
syn-v2-700-body_chip-0052,synthetic/v2_700/images/body_chip/syn-v2-700-body_chip-0052.jpg,body_chip,moderate,body_chip,YES,0.7743947506,test
syn-v2-700-body_chip-0081,synthetic/v2_700/images/body_chip/syn-v2-700-body_chip-0081.jpg,body_chip,moderate,body_chip,YES,0.9673403502,test
syn-v2-700-body_chip-0084,synthetic/v2_700/images/body_chip/syn-v2-700-body_chip-0084.jpg,body_chip,moderate,body_chip,YES,0.9894840121,test
syn-v2-700-body_chip-0028,synthetic/v2_700/images/body_chip/syn-v2-700-body_chip-0028.jpg,body_chip,moderate,body_chip,YES,0.9923170805,test
syn-v2-700-body_chip-0069,synthetic/v2_700/images/body_chip/syn-v2-700-body_chip-0069.jpg,body_chip,moderate,body_chip,YES,0.9931741357,test
syn-v2-700-body_chip-0017,synthetic/v2_700/images/body_chip/syn-v2-700-body_chip-0017.jpg,body_chip,moderate,body_chip,YES,0.9950274825,test
syn-v2-700-body_chip-0021,synthetic/v2_700/images/body_chip/syn-v2-700-body_chip-0021.jpg,body_chip,moderate,body_chip,YES,0.9542471170,test
syn-v2-700-body_chip-0049,synthetic/v2_700/images/body_chip/syn-v2-700-body_chip-0049.jpg,body_chip,moderate,body_chip,YES,0.9847559333,test
syn-v2-700-body_chip-0036,synthetic/v2_700/images/body_chip/syn-v2-700-body_chip-0036.jpg,body_chip,moderate,body_chip,YES,0.9935933948,test
syn-v2-700-body_chip-0065,synthetic/v2_700/images/body_chip/syn-v2-700-body_chip-0065.jpg,body_chip,moderate,body_chip,YES,0.9964058995,test
syn-v2-700-body_chip-0078,synthetic/v2_700/images/body_chip/syn-v2-700-body_chip-0078.jpg,body_chip,moderate,body_chip,YES,0.9455550313,test
syn-v2-700-body_chip-0087,synthetic/v2_700/images/body_chip/syn-v2-700-body_chip-0087.jpg,body_chip,moderate,body_chip,YES,0.9660570025,test
syn-v2-700-body_chip-0015,synthetic/v2_700/images/body_chip/syn-v2-700-body_chip-0015.jpg,body_chip,moderate,body_chip,YES,0.9997636676,test
syn-v2-700-body_chip-0045,synthetic/v2_700/images/body_chip/syn-v2-700-body_chip-0045.jpg,body_chip,moderate,body_chip,YES,0.9830141068,test
syn-v2-700-body_chip-0077,synthetic/v2_700/images/body_chip/syn-v2-700-body_chip-0077.jpg,body_chip,moderate,body_chip,YES,0.9980688691,test
syn-v2-700-body_chip-0030,synthetic/v2_700/images/body_chip/syn-v2-700-body_chip-0030.jpg,body_chip,moderate,body_chip,YES,0.9982507825,test
syn-v2-700-body_chip-0056,synthetic/v2_700/images/body_chip/syn-v2-700-body_chip-0056.jpg,body_chip,moderate,body_chip,YES,0.9355377555,test
syn-v2-700-body_chip-0029,synthetic/v2_700/images/body_chip/syn-v2-700-body_chip-0029.jpg,body_chip,moderate,body_chip,YES,0.9032627344,test
syn-v2-700-body_chip-0014,synthetic/v2_700/images/body_chip/syn-v2-700-body_chip-0014.jpg,body_chip,moderate,body_chip,YES,0.9513580203,test
syn-v2-700-body_chip-0080,synthetic/v2_700/images/body_chip/syn-v2-700-body_chip-0080.jpg,body_chip,severe,body_chip,YES,0.9846878648,test
syn-v2-700-body_chip-0098,synthetic/v2_700/images/body_chip/syn-v2-700-body_chip-0098.jpg,body_chip,severe,body_chip,YES,0.8808121085,test
syn-v2-700-body_chip-0059,synthetic/v2_700/images/body_chip/syn-v2-700-body_chip-0059.jpg,body_chip,severe,body_chip,YES,0.9956734776,test
syn-v2-700-body_chip-0091,synthetic/v2_700/images/body_chip/syn-v2-700-body_chip-0091.jpg,body_chip,severe,body_chip,YES,0.8990096450,test
syn-v2-700-body_chip-0095,synthetic/v2_700/images/body_chip/syn-v2-700-body_chip-0095.jpg,body_chip,severe,body_chip,YES,0.9936633110,test
syn-v2-700-body_chip-0041,synthetic/v2_700/images/body_chip/syn-v2-700-body_chip-0041.jpg,body_chip,severe,body_chip,YES,0.9945361614,test
syn-v2-700-body_chip-0064,synthetic/v2_700/images/body_chip/syn-v2-700-body_chip-0064.jpg,body_chip,severe,body_chip,YES,0.9928196073,test
syn-v2-700-body_chip-0020,synthetic/v2_700/images/body_chip/syn-v2-700-body_chip-0020.jpg,body_chip,severe,body_chip,YES,0.8147192001,test
syn-v2-700-body_chip-0047,synthetic/v2_700/images/body_chip/syn-v2-700-body_chip-0047.jpg,body_chip,severe,body_chip,YES,0.9993763566,test
syn-v2-700-body_chip-0097,synthetic/v2_700/images/body_chip/syn-v2-700-body_chip-0097.jpg,body_chip,severe,body_chip,YES,0.9969486594,test
syn-v2-700-body_chip-0016,synthetic/v2_700/images/body_chip/syn-v2-700-body_chip-0016.jpg,body_chip,severe,body_chip,YES,0.9996663332,test
syn-v2-700-body_chip-0096,synthetic/v2_700/images/body_chip/syn-v2-700-body_chip-0096.jpg,body_chip,severe,body_chip,YES,0.9926350713,test
syn-v2-700-body_chip-0054,synthetic/v2_700/images/body_chip/syn-v2-700-body_chip-0054.jpg,body_chip,severe,body_chip,YES,0.9997709394,test
syn-v2-700-body_chip-0072,synthetic/v2_700/images/body_chip/syn-v2-700-body_chip-0072.jpg,body_chip,severe,body_chip,YES,0.9995741248,test
syn-v2-700-body_crack-0022,synthetic/v2_700/images/body_crack/syn-v2-700-body_crack-0022.jpg,body_crack,mild,body_crack,YES,0.9762477279,test
syn-v2-700-body_crack-0046,synthetic/v2_700/images/body_crack/syn-v2-700-body_crack-0046.jpg,body_crack,mild,body_crack,YES,0.9975643158,test
syn-v2-700-body_crack-0060,synthetic/v2_700/images/body_crack/syn-v2-700-body_crack-0060.jpg,body_crack,mild,body_crack,YES,0.9907263517,test
syn-v2-700-body_crack-0059,synthetic/v2_700/images/body_crack/syn-v2-700-body_crack-0059.jpg,body_crack,mild,body_crack,YES,0.8809183836,test
syn-v2-700-body_crack-0050,synthetic/v2_700/images/body_crack/syn-v2-700-body_crack-0050.jpg,body_crack,mild,body_crack,YES,0.9977397919,test
syn-v2-700-body_crack-0073,synthetic/v2_700/images/body_crack/syn-v2-700-body_crack-0073.jpg,body_crack,mild,body_crack,YES,0.9968677163,test
syn-v2-700-body_crack-0002,synthetic/v2_700/images/body_crack/syn-v2-700-body_crack-0002.jpg,body_crack,mild,body_crack,YES,0.9936063290,test
syn-v2-700-body_crack-0004,synthetic/v2_700/images/body_crack/syn-v2-700-body_crack-0004.jpg,body_crack,mild,body_crack,YES,0.8344187737,test
syn-v2-700-body_crack-0064,synthetic/v2_700/images/body_crack/syn-v2-700-body_crack-0064.jpg,body_crack,mild,body_crack,YES,0.9925690293,test
syn-v2-700-body_crack-0011,synthetic/v2_700/images/body_crack/syn-v2-700-body_crack-0011.jpg,body_crack,mild,body_crack,YES,0.9712386727,test
syn-v2-700-body_crack-0088,synthetic/v2_700/images/body_crack/syn-v2-700-body_crack-0088.jpg,body_crack,mild,body_crack,YES,0.9959436059,test
syn-v2-700-body_crack-0053,synthetic/v2_700/images/body_crack/syn-v2-700-body_crack-0053.jpg,body_crack,mild,body_crack,YES,0.6250113249,test
syn-v2-700-body_crack-0086,synthetic/v2_700/images/body_crack/syn-v2-700-body_crack-0086.jpg,body_crack,mild,body_crack,YES,0.9996143579,test
syn-v2-700-body_crack-0015,synthetic/v2_700/images/body_crack/syn-v2-700-body_crack-0015.jpg,body_crack,mild,body_crack,YES,0.9963642955,test
syn-v2-700-body_crack-0017,synthetic/v2_700/images/body_crack/syn-v2-700-body_crack-0017.jpg,body_crack,mild,lead_breakage,NO,0.4974874854,test
syn-v2-700-body_crack-0045,synthetic/v2_700/images/body_crack/syn-v2-700-body_crack-0045.jpg,body_crack,mild,body_crack,YES,0.9973841310,test
syn-v2-700-body_crack-0083,synthetic/v2_700/images/body_crack/syn-v2-700-body_crack-0083.jpg,body_crack,mild,body_crack,YES,0.9996371269,test
syn-v2-700-body_crack-0012,synthetic/v2_700/images/body_crack/syn-v2-700-body_crack-0012.jpg,body_crack,mild,body_crack,YES,0.9954459667,test
syn-v2-700-body_crack-0029,synthetic/v2_700/images/body_crack/syn-v2-700-body_crack-0029.jpg,body_crack,mild,body_crack,YES,0.9975228906,test
syn-v2-700-body_crack-0023,synthetic/v2_700/images/body_crack/syn-v2-700-body_crack-0023.jpg,body_crack,mild,body_crack,YES,0.9961446524,test
syn-v2-700-body_crack-0098,synthetic/v2_700/images/body_crack/syn-v2-700-body_crack-0098.jpg,body_crack,mild,body_chip,NO,0.2229369432,test
syn-v2-700-body_crack-0071,synthetic/v2_700/images/body_crack/syn-v2-700-body_crack-0071.jpg,body_crack,mild,body_crack,YES,0.9985451698,test
syn-v2-700-body_crack-0058,synthetic/v2_700/images/body_crack/syn-v2-700-body_crack-0058.jpg,body_crack,mild,body_crack,YES,0.9241418242,test
syn-v2-700-body_crack-0056,synthetic/v2_700/images/body_crack/syn-v2-700-body_crack-0056.jpg,body_crack,mild,body_crack,YES,0.9993558526,test
syn-v2-700-body_crack-0074,synthetic/v2_700/images/body_crack/syn-v2-700-body_crack-0074.jpg,body_crack,mild,body_crack,YES,0.9997490048,test
syn-v2-700-body_crack-0016,synthetic/v2_700/images/body_crack/syn-v2-700-body_crack-0016.jpg,body_crack,mild,body_chip,NO,0.5240390897,test
syn-v2-700-body_crack-0049,synthetic/v2_700/images/body_crack/syn-v2-700-body_crack-0049.jpg,body_crack,mild,body_crack,YES,0.9531764984,test
syn-v2-700-body_crack-0005,synthetic/v2_700/images/body_crack/syn-v2-700-body_crack-0005.jpg,body_crack,mild,body_crack,YES,0.9955796599,test
syn-v2-700-body_crack-0068,synthetic/v2_700/images/body_crack/syn-v2-700-body_crack-0068.jpg,body_crack,mild,body_crack,YES,0.9630002975,test
syn-v2-700-body_crack-0038,synthetic/v2_700/images/body_crack/syn-v2-700-body_crack-0038.jpg,body_crack,moderate,body_crack,YES,0.9739108682,test
syn-v2-700-body_crack-0021,synthetic/v2_700/images/body_crack/syn-v2-700-body_crack-0021.jpg,body_crack,moderate,body_crack,YES,0.9989959598,test
syn-v2-700-body_crack-0040,synthetic/v2_700/images/body_crack/syn-v2-700-body_crack-0040.jpg,body_crack,moderate,body_crack,YES,0.9937332273,test
syn-v2-700-body_crack-0076,synthetic/v2_700/images/body_crack/syn-v2-700-body_crack-0076.jpg,body_crack,moderate,body_crack,YES,0.9997290969,test
syn-v2-700-body_crack-0075,synthetic/v2_700/images/body_crack/syn-v2-700-body_crack-0075.jpg,body_crack,moderate,body_crack,YES,0.9974708557,test
syn-v2-700-body_crack-0035,synthetic/v2_700/images/body_crack/syn-v2-700-body_crack-0035.jpg,body_crack,moderate,body_crack,YES,0.9978152514,test
syn-v2-700-body_crack-0019,synthetic/v2_700/images/body_crack/syn-v2-700-body_crack-0019.jpg,body_crack,moderate,body_crack,YES,0.9932519794,test
syn-v2-700-body_crack-0032,synthetic/v2_700/images/body_crack/syn-v2-700-body_crack-0032.jpg,body_crack,moderate,body_crack,YES,0.9924620986,test
syn-v2-700-body_crack-0065,synthetic/v2_700/images/body_crack/syn-v2-700-body_crack-0065.jpg,body_crack,moderate,body_crack,YES,0.9994781613,test
syn-v2-700-body_crack-0061,synthetic/v2_700/images/body_crack/syn-v2-700-body_crack-0061.jpg,body_crack,moderate,body_crack,YES,0.9988431931,test
syn-v2-700-body_crack-0095,synthetic/v2_700/images/body_crack/syn-v2-700-body_crack-0095.jpg,body_crack,moderate,body_crack,YES,0.9997703433,test
syn-v2-700-body_crack-0013,synthetic/v2_700/images/body_crack/syn-v2-700-body_crack-0013.jpg,body_crack,moderate,body_crack,YES,0.9986580610,test
syn-v2-700-body_crack-0085,synthetic/v2_700/images/body_crack/syn-v2-700-body_crack-0085.jpg,body_crack,moderate,body_crack,YES,0.9982372522,test
syn-v2-700-body_crack-0007,synthetic/v2_700/images/body_crack/syn-v2-700-body_crack-0007.jpg,body_crack,moderate,body_crack,YES,0.9981909394,test
syn-v2-700-body_crack-0018,synthetic/v2_700/images/body_crack/syn-v2-700-body_crack-0018.jpg,body_crack,moderate,body_crack,YES,0.9993336797,test
syn-v2-700-body_crack-0014,synthetic/v2_700/images/body_crack/syn-v2-700-body_crack-0014.jpg,body_crack,moderate,body_crack,YES,0.9988337159,test
syn-v2-700-body_crack-0009,synthetic/v2_700/images/body_crack/syn-v2-700-body_crack-0009.jpg,body_crack,moderate,body_crack,YES,0.9981520772,test
syn-v2-700-body_crack-0024,synthetic/v2_700/images/body_crack/syn-v2-700-body_crack-0024.jpg,body_crack,moderate,body_crack,YES,0.9995106459,test
syn-v2-700-body_crack-0055,synthetic/v2_700/images/body_crack/syn-v2-700-body_crack-0055.jpg,body_crack,moderate,body_crack,YES,0.9982625842,test
syn-v2-700-body_crack-0087,synthetic/v2_700/images/body_crack/syn-v2-700-body_crack-0087.jpg,body_crack,moderate,body_crack,YES,0.9266983867,test
syn-v2-700-body_crack-0028,synthetic/v2_700/images/body_crack/syn-v2-700-body_crack-0028.jpg,body_crack,moderate,body_crack,YES,0.9470771551,test
syn-v2-700-body_crack-0092,synthetic/v2_700/images/body_crack/syn-v2-700-body_crack-0092.jpg,body_crack,moderate,body_crack,YES,0.9946871996,test
syn-v2-700-body_crack-0090,synthetic/v2_700/images/body_crack/syn-v2-700-body_crack-0090.jpg,body_crack,moderate,body_crack,YES,0.9941276312,test
syn-v2-700-body_crack-0091,synthetic/v2_700/images/body_crack/syn-v2-700-body_crack-0091.jpg,body_crack,moderate,body_crack,YES,0.9510489106,test
syn-v2-700-body_crack-0069,synthetic/v2_700/images/body_crack/syn-v2-700-body_crack-0069.jpg,body_crack,moderate,body_crack,YES,0.9965319633,test
syn-v2-700-body_crack-0043,synthetic/v2_700/images/body_crack/syn-v2-700-body_crack-0043.jpg,body_crack,moderate,body_crack,YES,0.9803602099,test
syn-v2-700-body_crack-0082,synthetic/v2_700/images/body_crack/syn-v2-700-body_crack-0082.jpg,body_crack,moderate,body_crack,YES,0.6066251993,test
syn-v2-700-body_crack-0042,synthetic/v2_700/images/body_crack/syn-v2-700-body_crack-0042.jpg,body_crack,moderate,body_crack,YES,0.9976150990,test
syn-v2-700-body_crack-0063,synthetic/v2_700/images/body_crack/syn-v2-700-body_crack-0063.jpg,body_crack,moderate,body_crack,YES,0.9992978573,test
syn-v2-700-body_crack-0000,synthetic/v2_700/images/body_crack/syn-v2-700-body_crack-0000.jpg,body_crack,severe,body_crack,YES,0.9979801774,test
syn-v2-700-body_crack-0093,synthetic/v2_700/images/body_crack/syn-v2-700-body_crack-0093.jpg,body_crack,severe,body_crack,YES,0.9910097122,test
syn-v2-700-body_crack-0072,synthetic/v2_700/images/body_crack/syn-v2-700-body_crack-0072.jpg,body_crack,severe,body_crack,YES,0.9895820618,test
syn-v2-700-body_crack-0062,synthetic/v2_700/images/body_crack/syn-v2-700-body_crack-0062.jpg,body_crack,severe,body_crack,YES,0.9828048348,test
syn-v2-700-body_crack-0041,synthetic/v2_700/images/body_crack/syn-v2-700-body_crack-0041.jpg,body_crack,severe,body_crack,YES,0.9907748103,test
syn-v2-700-body_crack-0026,synthetic/v2_700/images/body_crack/syn-v2-700-body_crack-0026.jpg,body_crack,severe,body_crack,YES,0.9993904829,test
syn-v2-700-body_crack-0025,synthetic/v2_700/images/body_crack/syn-v2-700-body_crack-0025.jpg,body_crack,severe,body_crack,YES,0.9994618297,test
syn-v2-700-body_crack-0080,synthetic/v2_700/images/body_crack/syn-v2-700-body_crack-0080.jpg,body_crack,severe,body_crack,YES,0.9862754345,test
syn-v2-700-body_crack-0048,synthetic/v2_700/images/body_crack/syn-v2-700-body_crack-0048.jpg,body_crack,severe,body_crack,YES,0.9965814948,test
syn-v2-700-body_crack-0067,synthetic/v2_700/images/body_crack/syn-v2-700-body_crack-0067.jpg,body_crack,severe,body_crack,YES,0.9995417595,test
syn-v2-700-body_crack-0006,synthetic/v2_700/images/body_crack/syn-v2-700-body_crack-0006.jpg,body_crack,severe,body_crack,YES,0.9992871881,test
syn-v2-700-body_crack-0001,synthetic/v2_700/images/body_crack/syn-v2-700-body_crack-0001.jpg,body_crack,severe,body_crack,YES,0.9995650649,test
syn-v2-700-body_crack-0010,synthetic/v2_700/images/body_crack/syn-v2-700-body_crack-0010.jpg,body_crack,severe,body_crack,YES,0.9947840571,test
syn-v2-700-body_crack-0020,synthetic/v2_700/images/body_crack/syn-v2-700-body_crack-0020.jpg,body_crack,severe,body_crack,YES,0.9941985607,test
